test1,test2,test3,test4,test5,test6,test7,test8,test9,test10,rofl
LSD,0.003000,0.069000,0.166000,0.178200,0.253000,0.322000,0.431200,0.643600,0.803200,0.833000,
